id;image;image_content_type;id_fonc;designation;description
1;../fake-data/blob/hipster.png;image/png;Books calculate payment;Luxembourg;engineer even-keeled
2;../fake-data/blob/hipster.png;image/png;Soap;Beauty;SQL toolset solutions
3;../fake-data/blob/hipster.png;image/png;web-enabled;Handmade;web-enabled Gorgeous Account
4;../fake-data/blob/hipster.png;image/png;c;magenta functionalities Cambridgeshire;end-to-end Liberian
5;../fake-data/blob/hipster.png;image/png;Granite;Loan;la
6;../fake-data/blob/hipster.png;image/png;Checking transmit;Account Picardie Shoes;a France
7;../fake-data/blob/hipster.png;image/png;seize deposit;GÃ©orgie;Aquitaine
8;../fake-data/blob/hipster.png;image/png;parse a Congolese;open-source;pixel Concrete application
9;../fake-data/blob/hipster.png;image/png;Concrete;calculating;standardization
10;../fake-data/blob/hipster.png;image/png;Account c utilisation;Designer SCSI c;Toys
