id;image;image_content_type;matricule;designation;nom;prenom;email;phone_number;adresse
1;../fake-data/blob/hipster.png;image/png;Pound c override;withdrawal plum Directeur;SQL Computers;Small matrix seamless;Orlane.Colin@hotmail.fr;Specialiste;input
2;../fake-data/blob/hipster.png;image/png;mindshare Lorraine;Gorgeous Bedfordshire;back Frozen;b Harpe;Parfait5@yahoo.fr;withdrawal extensible compelling;Sausages Specialiste
3;../fake-data/blob/hipster.png;image/png;Advanced;Developpeur;channels Peso;Checking;Sylviane_Charpentier66@gmail.com;Angola;b engage
4;../fake-data/blob/hipster.png;image/png;open-source multi-byte;Executif Cotton;Assistant Avon pink;withdrawal;Avoye.Marie@gmail.com;Nesle;Granite best-of-breed Bedfordshire
5;../fake-data/blob/hipster.png;image/png;Auvergne;directional content;Shoes;payment Loan;Zach_Rey23@yahoo.fr;Incredible Consultant;Kids b Bacon
6;../fake-data/blob/hipster.png;image/png;Barbade Avon;GB Ergonomic;optical Buckinghamshire interface;Zadkine redundant;Olympe_Philippe8@yahoo.fr;implement c monitor;real-time Renminbi
7;../fake-data/blob/hipster.png;image/png;full-range;Incredible optical;NÃ©pal;leading-edge;Guillaume39@hotmail.fr;Lorraine digital Focused;pink data-warehouse
8;../fake-data/blob/hipster.png;image/png;Bretagne;Mouse Loan;national invoice compress;Refined;Plagie.Petit5@hotmail.fr;a;c transparent Account
9;../fake-data/blob/hipster.png;image/png;withdrawal Picardie;best-of-breed approach;Laffitte Steel Operative;Steel Leone;Florestan.Perrin9@gmail.com;Shoes Buckinghamshire;Salomon
10;../fake-data/blob/hipster.png;image/png;Health;iterate Shoes;maximize Cheese;pixel;Lionel.Leclerc67@gmail.com;Loan a;Fantastic yellow
