id;image;image_content_type;matricule;designation;nom;prenom;email;adresse;phone_number;salaire
1;../fake-data/blob/hipster.png;image/png;innovative SMTP Garden;a;program Grands;Granite Chicken 24/7;Georgette_Leclerc46@gmail.com;Industrial Small;maroon compressing;36417
2;../fake-data/blob/hipster.png;image/png;b ivory Loan;Bacon Borders Tasty;orange multimedia;Uruguay la;Charlemagne_Fontaine@gmail.com;b Bedfordshire;c JBOD;80277
3;../fake-data/blob/hipster.png;image/png;Books Computers;IB Du c;Open-source Salad Yuan;Toys experiences motivating;Charlemagne_Gaillard96@hotmail.fr;Bacon Account payment;HTTP;52743
4;../fake-data/blob/hipster.png;image/png;deposit virtual;mobile;a indexing;whiteboard;Estelle45@hotmail.fr;SQL communities Account;Cross-group;21166
5;../fake-data/blob/hipster.png;image/png;c Gorgeous Chair;Cheese Irlande;withdrawal;Presbourg Soft;Annette.Moreau99@hotmail.fr;Granite;Intelligent RAM;49926
6;../fake-data/blob/hipster.png;image/png;Saint-Bernard clicks-and-mortar;Industrial;Wooden;withdrawal Nord-Pas-de-Calais synergistic;Chrysole93@yahoo.fr;calculate array virtual;compress Fantastic maximize;42583
7;../fake-data/blob/hipster.png;image/png;Intelligent Producteur orchid;clear-thinking;high-level Architecte;Generic services;Alice85@yahoo.fr;Chips;purple;21568
8;../fake-data/blob/hipster.png;image/png;quantifying;Luxembourg optimizing virtual;intranet Digitized;Rh√¥ne-Alpes multi-byte dynamic;Leu29@hotmail.fr;Moldovan Singapore;a;62011
9;../fake-data/blob/hipster.png;image/png;SQL RSS;navigating;a;array Intelligent system;Marius67@hotmail.fr;Concrete;Personal Streamlined;1992
10;../fake-data/blob/hipster.png;image/png;Soft;embrace;SSL;withdrawal quantifying;Flavien_Perrin@gmail.com;hybrid Credit open-source;Electronics;39816
